Costs,Total,Zone1,Zone2,Zone3,Zone4,Zone5,Zone6,Zone7,Zone8,Zone9,Zone10,Zone11,Zone12,Zone13,Zone14,Zone15,Zone16,Zone17
cTotal,5.423077803695804e10,3.2349046816267524e9,1.4619860438012059e9,3.523046184630391e9,8.702446062754223e8,2.3456578100780446e7,4.96162995361906e6,4.5886009290435575e6,1.0408025113773325e8,4.3485373353191173e8,2.866169004158747e8,1.5884302919517944e10,2.0106750100655704e9,1.0420088450697176e7,1.2030198539530754e10,3.2601978943232117e9,6.051610235094643e9,5.03463413956328e9
cFix,7.942017447638904e9,2.8572721870248785e9,1.432045555188471e9,2.856881559907938e9,7.958181455176147e8,0.0,0.0,0.0,0.0,0.0,0.0,0.0,0.0,0.0,0.0,0.0,0.0,0.0
cVar,4.6269862277491776e10,3.7763249460187376e8,2.9940488612734776e7,6.661646247224532e8,7.442646075780767e7,2.3456578100780446e7,4.96162995361906e6,4.5886009290435575e6,1.0408025113773325e8,4.3485373353191173e8,2.677185885877961e8,1.5884302919517944e10,2.0106750100655704e9,1.0420088450697176e7,1.2030198539530754e10,3.2601978943232117e9,6.051610235094643e9,5.03463413956328e9
cNSE,1.8898311828078657e7,0.0,0.0,0.0,0.0,0.0,0.0,0.0,0.0,0.0,1.8898311828078657e7,0.0,0.0,0.0,0.0,0.0,0.0,0.0
cStart,0.0,0.0,0.0,0.0,0.0,0.0,0.0,0.0,0.0,0.0,0.0,0.0,0.0,0.0,0.0,0.0,0.0,0.0
cUnmetRsv,0.0,-,-,-,-,-,-,-,-,-,-,-,-,-,-,-,-,-
cNetworkExp,0.0,-,-,-,-,-,-,-,-,-,-,-,-,-,-,-,-,-
