Status,Solve,Objval
OPTIMAL,3080.470453977585,5.423077803695804e10
