Costs,Total,Zone1,Zone2,Zone3,Zone4,Zone5,Zone6,Zone7,Zone8,Zone9,Zone10,Zone11,Zone12,Zone13,Zone14,Zone15,Zone16,Zone17
cTotal,6.229746500138713e10,3.099103672618657e9,1.6334741380253053e9,4.385821604962097e9,7.649859111639365e8,6.204093083686527e6,790578.9779096722,776092.6307317838,8.047878396319288e7,4.676443185621176e8,2.9858571183611214e8,1.9868824679475517e10,2.3561286862101784e9,6.600589153421505e6,1.386755617059196e10,3.5633302782760506e9,5.890473150570848e9,6.006686541286656e9
cFix,8.715516851060843e9,2.77455424614104e9,1.6210615596718748e9,3.6230943919095497e9,6.968066533383772e8,0.0,0.0,0.0,0.0,0.0,0.0,0.0,0.0,0.0,0.0,0.0,0.0,0.0
cVar,5.358194815032745e10,3.245494264776175e8,1.2412578353430396e7,7.627272130525475e8,6.817925782555929e7,6.204093083686527e6,790578.9779096722,776092.6307317838,8.047878396319288e7,4.676443185621176e8,2.9858571183611214e8,1.9868824679475517e10,2.3561286862101784e9,6.600589153421505e6,1.386755617059196e10,3.5633302782760506e9,5.890473150570848e9,6.006686541286656e9
cNSE,0.0,0.0,0.0,0.0,0.0,0.0,0.0,0.0,0.0,0.0,0.0,0.0,0.0,0.0,0.0,0.0,0.0,0.0
cStart,0.0,0.0,0.0,0.0,0.0,0.0,0.0,0.0,0.0,0.0,0.0,0.0,0.0,0.0,0.0,0.0,0.0,0.0
cUnmetRsv,0.0,-,-,-,-,-,-,-,-,-,-,-,-,-,-,-,-,-
cNetworkExp,0.0,-,-,-,-,-,-,-,-,-,-,-,-,-,-,-,-,-
