Status,Solve,Objval
OPTIMAL,3075.7569949626923,6.229746500138713e10
