Costs,Total,Zone1,Zone2,Zone3,Zone4,Zone5,Zone6,Zone7,Zone8,Zone9,Zone10,Zone11,Zone12,Zone13,Zone14,Zone15,Zone16,Zone17
cTotal,6.553923202869083e10,3.170939255169597e9,1.2099623663998141e9,4.336055699939297e9,1.0633716888536366e9,2.9662143554692913e7,5.779475999966681e6,5.1817886714087e6,1.64145698290557e8,4.875129117489437e8,2.5227105132262242e8,1.932672618177453e10,2.268811547842991e9,8.100132788591373e7,1.407094055982484e10,6.5568249287624e9,6.850451523181761e9,5.6595938794676075e9
cFix,8.437181964491561e9,2.7518614546115046e9,1.180695694692e9,3.5631525320881886e9,9.414722830998679e8,0.0,0.0,0.0,0.0,0.0,0.0,0.0,0.0,0.0,0.0,0.0,0.0,0.0
cVar,5.7076084368663216e10,4.190778005580927e8,2.9266671707814116e7,7.729031678511086e8,1.2189940575376873e8,2.9662143554692913e7,5.779475999966681e6,5.1817886714087e6,1.64145698290557e8,4.875129117489437e8,2.5227105132262242e8,1.932672618177453e10,2.268811547842991e9,5.503563234875649e7,1.407094055982484e10,6.5568249287624e9,6.850451523181761e9,5.6595938794676075e9
cNSE,2.596569553715723e7,0.0,0.0,0.0,0.0,0.0,0.0,0.0,0.0,0.0,0.0,0.0,0.0,2.596569553715723e7,0.0,0.0,0.0,0.0
cStart,0.0,0.0,0.0,0.0,0.0,0.0,0.0,0.0,0.0,0.0,0.0,0.0,0.0,0.0,0.0,0.0,0.0,0.0
cUnmetRsv,0.0,-,-,-,-,-,-,-,-,-,-,-,-,-,-,-,-,-
cNetworkExp,0.0,-,-,-,-,-,-,-,-,-,-,-,-,-,-,-,-,-
