Status,Solve,Objval
OPTIMAL,2361.110692024231,6.553923202869083e10
